{"avg": {"shoulders": 13.87872074433699, "hips": 26.24249334027177, "x_head_bottom_torso": 80.69667872627956, "x_head_mid_torso": 79.53018669799238, "x_head_upper_torso": 65.26735292154211, "y_head_bottom_torso": 17.768292704257004, "y_head_mid_torso": 20.387332593861363, "y_head_upper_torso": 26.770645457995442}, "std": {"shoulders": 8.15006285154019, "hips": 12.451158556055992, "x_head_bottom_torso": 8.317573360730956, "x_head_mid_torso": 9.324429098054283, "x_head_upper_torso": 12.968231554791789, "y_head_bottom_torso": 7.533416874113998, "y_head_mid_torso": 9.343197990826706, "y_head_upper_torso": 13.39707408269916}, "max": {"shoulders": 77.23860150224307, "hips": 86.9649817513028, "x_head_bottom_torso": 89.99989968366495, "x_head_mid_torso": 89.93451222627219, "x_head_upper_torso": 89.98609495310221, "y_head_bottom_torso": 86.42822631507107, "y_head_mid_torso": 85.62362575133766, "y_head_upper_torso": 81.268413713331}, "min": {"shoulders": 0.3267205063702363, "hips": 0.6678965404302062, "x_head_bottom_torso": 9.11854236924404, "x_head_mid_torso": 5.21521616585261, "x_head_upper_torso": 16.730646074746858, "y_head_bottom_torso": 1.0065752050333572, "y_head_mid_torso": 1.0921512258645407, "y_head_upper_torso": 0.6260879273764886}, "correct_avg": {"shoulders": 12.772115023253818, "hips": 29.147101971621048, "x_head_bottom_torso": 86.75836226363232, "x_head_mid_torso": 82.26274226910718, "x_head_upper_torso": 68.47426591976428, "y_head_bottom_torso": 14.533778190230922, "y_head_mid_torso": 21.24224298380958, "y_head_upper_torso": 22.799462142265586}, "correct_std": {"shoulders": 7.445781569441433, "hips": 13.77636393700648, "x_head_bottom_torso": 3.5967122540981133, "x_head_mid_torso": 3.9882646876056174, "x_head_upper_torso": 7.37132373005141, "y_head_bottom_torso": 4.1782786927581705, "y_head_mid_torso": 4.480085468051148, "y_head_upper_torso": 7.133302114107337}, "correct_max": {"shoulders": 28.507908048214546, "hips": 53.008980841818016, "x_head_bottom_torso": 89.9603720700029, "x_head_mid_torso": 89.83864410335669, "x_head_upper_torso": 89.92501564835769, "y_head_bottom_torso": 25.472405160764254, "y_head_mid_torso": 30.386022568452177, "y_head_upper_torso": 35.67066665293089}, "correct_min": {"shoulders": 1.2827365355666416, "hips": 0.6678965404302062, "x_head_bottom_torso": 64.93110646624854, "x_head_mid_torso": 73.50135740215603, "x_head_upper_torso": 55.764579776222845, "y_head_bottom_torso": 2.4414368095222585, "y_head_mid_torso": 9.092469568928806, "y_head_upper_torso": 2.0086626285898888}, "incorrect_avg": {"shoulders": 14.054047165167042, "hips": 25.78229814559297, "x_head_bottom_torso": 79.7362885362051, "x_head_mid_torso": 79.09725093878279, "x_head_upper_torso": 64.75926176750274, "y_head_bottom_torso": 18.280756937960735, "y_head_mid_torso": 20.251883828375714, "y_head_upper_torso": 27.39982470760698}, "incorrect_std": {"shoulders": 8.242512317850569, "hips": 12.164544318973025, "x_head_bottom_torso": 8.446860344629233, "x_head_mid_torso": 9.84020476907563, "x_head_upper_torso": 13.576583821296772, "y_head_bottom_torso": 7.813950752037959, "y_head_mid_torso": 9.88999245688949, "y_head_upper_torso": 14.034302881834979}, "incorrect_max": {"shoulders": 77.23860150224307, "hips": 86.9649817513028, "x_head_bottom_torso": 89.99989968366495, "x_head_mid_torso": 89.93451222627219, "x_head_upper_torso": 89.98609495310221, "y_head_bottom_torso": 86.42822631507107, "y_head_mid_torso": 85.62362575133766, "y_head_upper_torso": 81.268413713331}, "incorrect_min": {"shoulders": 0.3267205063702363, "hips": 0.6679638930436624, "x_head_bottom_torso": 9.11854236924404, "x_head_mid_torso": 5.21521616585261, "x_head_upper_torso": 16.730646074746858, "y_head_bottom_torso": 1.0065752050333572, "y_head_mid_torso": 1.0921512258645407, "y_head_upper_torso": 0.6260879273764886}}